epoch,time,train/box_loss,train/cls_loss,train/dfl_loss,metrics/precision(B),metrics/recall(B),metrics/mAP50(B),metrics/mAP50-95(B),val/box_loss,val/cls_loss,val/dfl_loss,lr/pg0,lr/pg1,lr/pg2
1,25.7827,1.94336,3.44167,1.56818,0.00693,0.73333,0.02962,0.013,1.84323,3.44286,1.64473,7.145e-05,7.145e-05,7.145e-05
2,27.4084,1.55197,3.18883,1.27888,0.00985,1,0.46508,0.26406,1.03521,3.20143,0.94575,0.000154596,0.000154596,0.000154596
3,28.8787,1.26672,2.51297,1.12433,0.00968,1,0.84191,0.4426,1.08222,3.00379,0.9769,0.000234913,0.000234913,0.000234913
4,30.8747,1.28906,2.04622,1.14949,0.00963,1,0.81616,0.48609,1.15232,2.83915,0.97656,0.000312401,0.000312401,0.000312401
5,33.2466,1.28947,1.65043,1.16702,0.0095,1,0.78243,0.48432,1.14937,2.7033,0.99948,0.000387059,0.000387059,0.000387059
6,34.7212,1.30326,1.35229,1.22912,0.00936,1,0.76336,0.4652,1.12103,2.69853,0.92669,0.000458888,0.000458888,0.000458888
7,36.2813,1.23826,1.2355,1.18037,0.00938,1,0.72616,0.46362,1.14817,2.75335,0.93548,0.000527887,0.000527887,0.000527887
8,37.7844,1.22377,1.1932,1.17221,0.00957,1,0.78547,0.48185,1.10596,2.6464,0.97487,0.000594057,0.000594057,0.000594057
9,39.2781,1.17821,1.06743,1.13166,1,0.29012,0.86518,0.53602,1.19821,2.36428,0.99467,0.000657397,0.000657397,0.000657397
10,40.8142,1.15829,1.032,1.13188,1,0.40174,0.92288,0.5639,1.16427,2.11087,0.99386,0.000717908,0.000717908,0.000717908
11,42.3337,1.2177,1.04565,1.15319,1,0.52943,0.98389,0.65372,1.21477,1.88361,1.04174,0.00077559,0.00077559,0.00077559
12,44.2022,1.19453,1.00198,1.12057,1,0.49016,0.995,0.65129,1.26357,1.88527,1.07134,0.000830442,0.000830442,0.000830442
13,46.3528,1.18578,0.99486,1.16406,0.98546,0.6552,0.995,0.64105,1.25388,1.78961,1.07829,0.000882465,0.000882465,0.000882465
14,47.9244,1.18773,0.99968,1.15603,0.95625,0.90548,0.995,0.65841,1.2464,1.60194,1.06596,0.000931658,0.000931658,0.000931658
15,49.3822,1.17897,0.97492,1.15461,0.96429,0.91313,0.995,0.62089,1.24838,1.46969,1.10867,0.000978022,0.000978022,0.000978022
16,50.831,1.13098,0.98626,1.14771,0.8353,0.96743,0.99382,0.64549,1.2338,1.26932,1.10359,0.00102156,0.00102156,0.00102156
17,52.2672,1.14247,0.90352,1.14614,0.97787,0.98103,0.995,0.64165,1.27298,1.08155,1.13007,0.00105174,0.00105174,0.00105174
18,53.7279,1.11701,0.97385,1.15213,0.94702,1,0.995,0.61322,1.25706,1.03017,1.22935,0.00102817,0.00102817,0.00102817
19,55.1925,1.1635,0.93964,1.15962,0.93719,1,0.995,0.62464,1.22991,1.03288,1.19509,0.00100459,0.00100459,0.00100459
20,56.6418,1.12338,0.86709,1.13193,0.89043,1,0.995,0.6142,1.32762,0.88255,1.3373,0.000981008,0.000981008,0.000981008
21,58.8839,1.19263,0.88173,1.15185,0.8823,1,0.995,0.60396,1.35755,0.83156,1.3485,0.00095743,0.00095743,0.00095743
22,60.6238,1.13177,0.87293,1.16957,0.89737,0.98611,0.995,0.69663,1.17601,0.78386,1.14779,0.000933851,0.000933851,0.000933851
23,62.0717,1.16806,0.87227,1.17634,0.92115,1,0.995,0.67895,1.18488,0.76313,1.2135,0.000910273,0.000910273,0.000910273
24,63.5154,1.08168,0.81345,1.13975,0.94387,0.98655,0.995,0.63569,1.37049,0.8995,1.42097,0.000886694,0.000886694,0.000886694
25,64.9606,1.06188,0.81351,1.1062,0.93251,0.98463,0.995,0.60699,1.44043,0.90436,1.46246,0.000863116,0.000863116,0.000863116
26,66.436,1.12105,0.81307,1.14825,0.95754,0.97677,0.995,0.65243,1.24142,0.85111,1.28167,0.000839537,0.000839537,0.000839537
27,67.8939,1.1357,0.84743,1.12,0.96437,0.9656,0.99382,0.64796,1.18331,0.81768,1.24697,0.000815959,0.000815959,0.000815959
28,69.3596,1.08261,0.80762,1.12919,0.98651,0.95978,0.99278,0.62606,1.24923,0.71957,1.33406,0.00079238,0.00079238,0.00079238
29,71.5213,1.12069,0.88688,1.15928,0.98335,0.95877,0.99382,0.64606,1.22596,0.69579,1.33616,0.000768802,0.000768802,0.000768802
30,73.4712,1.07374,0.7777,1.14459,0.98916,0.96418,0.995,0.64207,1.17868,0.65521,1.3052,0.000745223,0.000745223,0.000745223
31,74.9289,1.0758,0.78779,1.10445,0.98627,0.98542,0.995,0.65228,1.17959,0.65098,1.31036,0.000721645,0.000721645,0.000721645
32,76.3986,1.01899,0.75081,1.0881,0.98723,0.99664,0.995,0.66876,1.18529,0.62667,1.29763,0.000698066,0.000698066,0.000698066
33,77.7959,1.03962,0.79747,1.12212,0.99288,0.99244,0.995,0.68407,1.16658,0.61719,1.26081,0.000674488,0.000674488,0.000674488
34,79.2596,1.01329,0.76017,1.08425,0.78738,0.9877,0.995,0.67436,1.16987,0.79536,1.3341,0.000650909,0.000650909,0.000650909
35,80.7249,1.01136,0.77335,1.09925,0.75405,0.94391,0.99382,0.65573,1.18797,1.04319,1.40156,0.000627331,0.000627331,0.000627331
36,82.1677,1.06381,0.77694,1.15903,0.92495,0.89645,0.995,0.66905,1.16238,0.76335,1.33709,0.000603752,0.000603752,0.000603752
37,84.1327,1.05775,0.77818,1.14038,0.95453,0.94327,0.995,0.71787,1.09969,0.65925,1.25093,0.000580174,0.000580174,0.000580174
38,86.3288,0.99965,0.71883,1.08402,0.97295,0.90544,0.995,0.7023,1.11051,0.66856,1.2646,0.000556595,0.000556595,0.000556595
39,87.7798,1.01869,0.72531,1.12149,0.95641,0.87802,0.995,0.6974,1.12361,0.77917,1.2824,0.000533017,0.000533017,0.000533017
40,89.2737,1.0263,0.73964,1.12479,0.88683,0.82334,0.99382,0.70112,1.1243,0.92835,1.22193,0.000509438,0.000509438,0.000509438
41,90.7241,1.06865,0.75818,1.1676,0.94281,0.87623,0.99382,0.73454,1.09328,0.86531,1.18437,0.00048586,0.00048586,0.00048586
42,92.2045,1.01222,0.72354,1.10979,0.98475,0.94,0.995,0.69698,1.12483,0.65886,1.20697,0.000462281,0.000462281,0.000462281
43,93.6776,1.0327,0.72984,1.12787,0.98308,0.94305,0.995,0.68332,1.17834,0.64773,1.23268,0.000438703,0.000438703,0.000438703
44,95.1772,1.05509,0.72688,1.11766,0.98302,0.94629,0.995,0.71376,1.11777,0.61811,1.16092,0.000415124,0.000415124,0.000415124
45,97.002,0.98843,0.68357,1.0884,0.96978,0.97192,0.995,0.73051,1.08405,0.58282,1.13011,0.000391546,0.000391546,0.000391546
46,99.368,1.02267,0.71993,1.10878,0.94976,0.97929,0.995,0.7231,1.07355,0.59429,1.15427,0.000367967,0.000367967,0.000367967
47,100.718,0.99148,0.70003,1.10518,0.96128,0.93599,0.995,0.69778,1.08854,0.62218,1.18445,0.000344389,0.000344389,0.000344389
48,102.155,0.97116,0.71399,1.0726,0.96099,0.96282,0.995,0.68935,1.14816,0.60569,1.23181,0.00032081,0.00032081,0.00032081
49,103.579,0.95891,0.66739,1.07681,0.97371,0.96339,0.995,0.68999,1.15902,0.59092,1.23673,0.000297232,0.000297232,0.000297232
50,105.108,0.94964,0.62978,1.06227,0.98908,0.9813,0.995,0.69444,1.13711,0.55218,1.21104,0.000273654,0.000273654,0.000273654
51,108.517,0.91104,0.81148,1.07236,0.9902,0.98745,0.995,0.69056,1.15386,0.55277,1.21085,0.000250075,0.000250075,0.000250075
52,111.044,0.92971,0.74082,1.04427,0.98802,0.99212,0.995,0.6967,1.18102,0.57888,1.22026,0.000226497,0.000226497,0.000226497
53,112.975,0.91997,0.73435,1.04674,0.98381,0.98788,0.995,0.69705,1.17835,0.60634,1.22375,0.000202918,0.000202918,0.000202918
54,114.449,0.93992,0.76828,1.06025,0.96534,0.97918,0.995,0.71227,1.13336,0.65506,1.22724,0.00017934,0.00017934,0.00017934
55,115.872,0.91662,0.75825,1.05302,0.92741,0.97942,0.995,0.69527,1.12925,0.65497,1.24071,0.000155761,0.000155761,0.000155761
56,117.254,0.91124,0.73397,1.04479,0.97751,0.97949,0.995,0.68771,1.13273,0.59398,1.24944,0.000132183,0.000132183,0.000132183
57,118.647,0.88953,0.69812,1.04185,0.98334,0.98103,0.995,0.68384,1.12462,0.57372,1.24218,0.000108604,0.000108604,0.000108604
58,120.077,0.90543,0.70337,1.02929,0.98625,0.98164,0.995,0.68431,1.10975,0.5617,1.22353,8.50255e-05,8.50255e-05,8.50255e-05
59,121.449,0.90313,0.67146,1.04362,0.98126,0.98127,0.995,0.68688,1.11082,0.56101,1.22372,6.1447e-05,6.1447e-05,6.1447e-05
60,123.192,0.87698,0.67589,1.03527,0.96637,0.95396,0.995,0.68991,1.10966,0.57742,1.22277,3.78685e-05,3.78685e-05,3.78685e-05
